article,summary,feedback
"Trees are vital to the Earth, providing essential resources like oxygen, food, and shelter. They are living organisms requiring sunlight, water, and air to survive. Planting trees improves air quality and contributes to a safer environment. Essays on trees often explore their biological features, ecological importance, economic value, and the challenges they face.","Trees are vital to Earth. They are living organisms requiring sunlight, water and air to survive. Planting trees improves air quality and contributes to a safer environment.",1
"Trees are vital to the Earth, providing essential resources like oxygen, food, and shelter. They are living organisms requiring sunlight, water, and air to survive. Planting trees improves air quality and contributes to a safer environment. Essays on trees often explore their biological features, ecological importance, economic value, and the challenges they face.","Trees are vital to the Earth, providing oxygen, food, and shelter. Planting trees improves air quality and contributes to a safer environment. Essays explore the biological features, ecological importance, economic value and challenges they face.",0
"Trees are vital to the Earth, providing essential resources like oxygen, food, and shelter. They are living organisms requiring sunlight, water, and air to survive. Planting trees improves air quality and contributes to a safer environment. Essays on trees often explore their biological features, ecological importance, economic value, and the challenges they face.","Trees provide oxygen, food, water and shelter for life. They are worth a lot of money.",1,2025-07-11 01:50:30.034309
"Trees are vital to the Earth, providing essential resources like oxygen, food, and shelter. They are living organisms requiring sunlight, water, and air to survive. Planting trees improves air quality and contributes to a safer environment. Essays on trees often explore their biological features, ecological importance, economic value, and the challenges they face.","Trees provide oxygen, food and shelter. Planting trees improves air quality and contributes to safer environment.",0,2025-07-11 01:50:43.839779
"A school essay often describes the writer's personal experiences and feelings about school. Common themes include the importance of friends, teachers, and the learning environment. Essays may highlight the school as a center of education and a place for personal growth. The content typically focuses on positive aspects of school life, emphasizing the fun, knowledge, and foundation for the future that school provides.","A school essay describes the writer's personal experiences and feelings about school. Common themes are friends, teachers, and the learning environment.",1,2025-07-11 01:57:55.453599
"Telangana government’s 19th Cabinet has decided to implement 42 percent reservation for Backward Classes in the upcoming local body elections.

This comes nearly four months after the Telangana Assembly passed two key legislations clearing the way for 42 percent reservation for Backward Classes in government jobs, educational institutions and urban and rural local body polls.

Cabinet ministers Ponguleti Srinivas Reddy and Ponnam Prabhakar said at a press briefing held in Hyderabad Thursday that",Cabinet of Telangana decides to implement 42 percent reservation for Backward classes in upcoming local body elections.,1,2025-07-11 02:01:44.368963
"Telangana government’s 19th Cabinet has decided to implement 42 percent reservation for Backward Classes in the upcoming local body elections.
This comes nearly four months after the Telangana Assembly passed two key legislations clearing the way for 42 percent reservation for Backward Classes in government jobs, educational institutions and urban and rural local body polls.
Cabinet ministers Ponguleti Srinivas Reddy and Ponnam Prabhakar said at a press briefing held in Hyderabad Thursday that a",The Telangana government's 19th Cabinet decided to implement 42 percent reservation in the upcoming local body elections.,0,2025-07-11 02:02:05.529149
"Shravani Mela, one of the largest religious congregations in the country, was inaugurated by the state minister for tourism, Sudivya Kumar, and his cabinet colleagues, Deepika Pandey Singh and Sanjay Prasad Yadav, at the Dumma interstate border in Deoghar on Thursday, the day of ‘Asarh Purnima'.
A total of 11 priests chanted Vedic mantras while assisting the ministers in performing rituals to mark the beginning of the month-long event. Lakhs of devotees from across the country and abroad pay off","Shravani Mela was inaugurated by the tourism minister, Sudivya Kumar, on Thursday. Lakhs of devotees from across the country and abroad pay offerings at the Baidyanath Dham.",1,2025-07-11 02:25:21.220779
